Balance of secondary income by Local Authority1 ,,,,,,,,,,,,,,,,,,,,,,
,,,,,,,,,,,,,,,,,,,,,,£ million
Region,LAU1 code,LA name,1997,1998,1999,2000,2001,2002,2003,2004,2005,2006,2007,2008,2009,2010,2011,2012,2013,2014,2015,2016
North East,E06000047,County Durham,-408,-504,-525,-626,-604,-700,-680,-845,-938,-994,-1022,-909,-588,-721,-625,-410,-453,-516,-407,-473
North East,E06000005,Darlington,-92,-102,-95,-91,-39,-84,-92,-106,-159,-179,-191,-150,-107,-140,-114,-100,-104,-102,-96,-90
North East,E06000001,Hartlepool,-105,-116,-118,-133,-133,-128,-145,-176,-200,-205,-211,-235,-177,-197,-163,-111,-97,-116,-122,-124
North East,E06000002,Middlesbrough,-90,-94,-73,-83,-93,-98,-89,-128,-150,-165,-181,-134,-51,-89,-25,27,-6,-44,3,-13
North East,E06000057,Northumberland,-311,-376,-366,-440,-389,-298,-470,-531,-742,-757,-757,-725,-448,-478,-393,-308,-217,-255,-189,-214
North East,E06000003,Redcar and Cleveland,-87,-91,-70,-79,-88,-93,-84,-122,-143,-156,-171,-124,-42,-79,-16,37,5,-32,15,1
North East,E06000004,Stockton-on-Tees,-212,-238,-246,-279,-280,-273,-308,-372,-424,-435,-446,-496,-376,-418,-348,-239,-209,-250,-262,-267
North East,E08000037,Gateshead,-166,-202,-176,-217,-224,-262,-288,-323,-354,-376,-417,-375,-294,-344,-298,-211,-224,-330,-263,-309
North East,E08000021,Newcastle upon Tyne,-243,-295,-258,-315,-326,-383,-419,-470,-520,-552,-612,-552,-439,-513,-451,-334,-359,-514,-422,-493
North East,E08000022,North Tyneside,-158,-195,-170,-214,-224,-264,-290,-325,-356,-379,-420,-378,-296,-346,-298,-211,-224,-330,-259,-305
North East,E08000023,South Tyneside,-126,-155,-135,-168,-175,-205,-224,-249,-272,-286,-315,-282,-220,-255,-219,-155,-165,-242,-190,-223
North East,E08000024,Sunderland,-172,-187,-239,-242,-294,-316,-318,-384,-410,-477,-501,-441,-242,-317,-263,-164,-197,-232,-233,-235
North West,E06000008,Blackburn with Darwen,-52,-59,-68,-126,-107,-117,-105,-121,-155,-166,-196,-121,-49,-128,-56,-11,-13,0,-13,-53
North West,E06000009,Blackpool,-78,-96,-51,-66,-92,-99,-61,-34,-37,-40,-76,-55,14,8,30,128,161,112,68,48
North West,E06000049,Cheshire East,-658,-719,-725,-796,-821,-703,-962,-1142,-1264,-1279,-1274,-1204,-908,-956,-880,-666,-626,-858,-762,-844
North West,E06000050,Cheshire West and Chester,-569,-629,-635,-694,-718,-611,-835,-990,-1107,-1123,-1119,-1047,-787,-827,-670,-552,-521,-570,-469,-476
North West,E06000006,Halton,-74,-93,-99,-101,-114,-134,-129,-166,-210,-203,-223,-198,-136,-150,-126,-74,-80,-94,-121,-145
North West,E06000007,Warrington,-362,-417,-423,-408,-432,-462,-471,-586,-649,-681,-742,-726,-556,-633,-644,-564,-605,-626,-585,-676
North West,E07000026,Allerdale,-97,-118,-105,-107,-132,-78,-109,-129,-144,-142,-154,-155,-114,-135,-115,-63,-99,-127,-126,-137
North West,E07000027,Barrow-in-Furness,-74,-90,-81,-82,-102,-60,-82,-97,-108,-106,-114,-114,-85,-100,-85,-48,-73,-92,-92,-100
North West,E07000028,Carlisle,-128,-163,-135,-165,-137,-114,-173,-241,-255,-238,-267,-214,-157,-176,-145,-93,-80,-76,-51,-55
North West,E07000029,Copeland,-74,-89,-79,-81,-100,-60,-82,-98,-109,-108,-117,-118,-87,-104,-88,-50,-76,-96,-95,-102
North West,E07000030,Eden,-61,-79,-66,-81,-67,-55,-84,-116,-122,-112,-125,-100,-72,-82,-66,-41,-34,-32,-20,-22
North West,E07000031,South Lakeland,-124,-160,-132,-163,-134,-109,-166,-229,-240,-219,-246,-195,-139,-157,-126,-75,-62,-59,-35,-39
North West,E08000001,Bolton,-414,-479,-499,-579,-572,-585,-601,-666,-694,-722,-752,-692,-519,-604,-541,-415,-414,-503,-437,-474
North West,E08000002,Bury,-216,-259,-275,-330,-319,-337,-352,-394,-411,-430,-449,-393,-270,-328,-281,-195,-174,-208,-198,-234
North West,E08000003,Manchester,-31,-114,-182,-263,-282,-350,-454,-572,-778,-912,-1037,-941,-701,-865,-877,-697,-744,-959,-877,-1067
North West,E08000004,Oldham ,-259,-308,-327,-393,-383,-402,-419,-472,-492,-514,-536,-470,-322,-392,-337,-235,-210,-252,-242,-289
North West,E08000005,Rochdale,-241,-288,-306,-373,-363,-383,-402,-451,-471,-492,-513,-452,-310,-377,-325,-227,-203,-242,-231,-274
North West,E08000006,Salford,-469,-538,-560,-574,-587,-603,-633,-681,-760,-797,-839,-829,-691,-759,-760,-646,-723,-790,-817,-952
North West,E08000007,Stockport,-390,-461,-489,-513,-525,-543,-568,-618,-694,-710,-737,-680,-496,-557,-525,-370,-387,-442,-374,-451
North West,E08000008,Tameside,-294,-346,-367,-386,-397,-414,-435,-475,-536,-552,-575,-536,-395,-444,-421,-300,-311,-353,-299,-360
North West,E08000009,Trafford,-451,-526,-545,-556,-568,-585,-614,-658,-731,-764,-805,-786,-650,-711,-707,-592,-664,-726,-735,-851
North West,E08000010,Wigan,-493,-567,-593,-686,-672,-685,-702,-778,-811,-843,-876,-807,-605,-700,-626,-478,-477,-578,-502,-544
North West,E07000117,Burnley,-95,-114,-117,-131,-131,-149,-159,-182,-188,-196,-223,-193,-127,-156,-127,-89,-62,-95,-92,-115
North West,E07000118,Chorley,-119,-140,-148,-156,-158,-181,-199,-231,-241,-242,-271,-246,-166,-204,-156,-100,-89,-125,-94,-116
North West,E07000119,Fylde,-91,-108,-109,-113,-113,-132,-145,-168,-173,-173,-194,-176,-120,-146,-119,-80,-73,-89,-75,-84
North West,E07000120,Hyndburn,-84,-101,-105,-118,-118,-136,-146,-167,-173,-181,-206,-178,-118,-145,-117,-82,-57,-87,-85,-106
North West,E07000121,Lancaster,-128,-156,-164,-175,-177,-208,-230,-273,-283,-286,-324,-287,-185,-235,-184,-118,-79,-85,-62,-108
North West,E07000122,Pendle,-91,-109,-114,-129,-130,-149,-159,-182,-189,-198,-226,-196,-130,-160,-129,-91,-63,-96,-94,-118
North West,E07000123,Preston,-178,-209,-214,-219,-223,-259,-285,-331,-347,-353,-394,-365,-256,-305,-260,-188,-173,-201,-180,-195
North West,E07000124,Ribble Valley,-70,-82,-85,-88,-89,-104,-114,-131,-135,-136,-151,-139,-94,-114,-93,-64,-59,-71,-61,-68
North West,E07000125,Rossendale,-70,-83,-86,-97,-97,-112,-120,-137,-143,-150,-172,-150,-101,-124,-101,-72,-50,-76,-75,-93
North West,E07000126,South Ribble,-138,-163,-167,-172,-175,-203,-220,-252,-260,-262,-292,-271,-189,-225,-187,-130,-119,-141,-122,-133
North West,E07000127,West Lancashire,-128,-151,-157,-163,-164,-189,-206,-239,-249,-249,-279,-250,-166,-205,-154,-96,-85,-121,-89,-110
North West,E07000128,Wyre,-91,-112,-116,-126,-127,-152,-169,-201,-207,-209,-238,-209,-127,-166,-123,-72,-42,-48,-29,-64
North West,E08000011,Knowsley ,-88,-112,-118,-120,-138,-162,-155,-199,-253,-242,-265,-233,-158,-174,-146,-86,-94,-112,-143,-173
North West,E08000012,Liverpool,-21,-84,-135,-186,-124,-221,-329,-325,-436,-587,-627,-498,-296,-484,-391,-337,-347,-408,-399,-593
North West,E08000014,Sefton,-169,-211,-202,-249,-342,-310,-318,-403,-385,-335,-347,-333,-258,-295,-190,-58,-44,-129,-70,-30
North West,E08000013,St. Helens,-107,-134,-143,-145,-163,-192,-183,-235,-298,-283,-310,-272,-184,-202,-168,-96,-106,-127,-164,-200
North West,E08000015,Wirral,-90,-127,-127,-275,-370,-411,-466,-526,-566,-449,-518,-483,-270,-397,-345,-183,-165,-240,-181,-268
Yorkshire and The Humber,E06000011,East Riding of Yorkshire,-330,-388,-402,-419,-511,-606,-658,-755,-808,-845,-948,-870,-568,-621,-580,-437,-440,-439,-377,-444
Yorkshire and The Humber,E06000010,"Kingston upon Hull, City of",-185,-254,-261,-308,-291,-295,-300,-379,-443,-457,-430,-401,-224,-318,-288,-183,-243,-292,-196,-291
Yorkshire and The Humber,E06000012,North East Lincolnshire,-173,-199,-201,-252,-257,-256,-295,-303,-297,-331,-371,-341,-254,-273,-242,-143,-189,-211,-161,-205
Yorkshire and The Humber,E06000013,North Lincolnshire,-170,-196,-198,-250,-254,-254,-293,-304,-300,-337,-382,-354,-265,-286,-253,-150,-197,-221,-170,-218
Yorkshire and The Humber,E06000014,York,-241,-312,-359,-413,-462,-488,-481,-602,-581,-616,-663,-622,-519,-544,-516,-474,-495,-596,-585,-661
Yorkshire and The Humber,E07000163,Craven,-73,-89,-80,-98,-99,-105,-119,-134,-146,-153,-161,-158,-127,-133,-118,-98,-86,-75,-66,-81
Yorkshire and The Humber,E07000164,Hambleton,-120,-146,-132,-160,-160,-171,-193,-215,-233,-245,-259,-256,-208,-218,-195,-163,-144,-125,-110,-132
Yorkshire and The Humber,E07000165,Harrogate,-210,-256,-232,-285,-290,-308,-346,-387,-421,-441,-465,-458,-374,-394,-354,-298,-265,-231,-206,-243
Yorkshire and The Humber,E07000166,Richmondshire,-64,-81,-73,-91,-93,-99,-112,-127,-141,-150,-160,-160,-132,-139,-126,-108,-97,-82,-73,-90
Yorkshire and The Humber,E07000167,Ryedale,-69,-85,-76,-93,-94,-99,-113,-127,-138,-143,-150,-147,-119,-124,-110,-92,-82,-72,-64,-77
Yorkshire and The Humber,E07000168,Scarborough,-148,-178,-159,-194,-193,-209,-237,-267,-289,-300,-315,-309,-249,-262,-231,-192,-169,-146,-128,-152
Yorkshire and The Humber,E07000169,Selby,-109,-132,-120,-147,-150,-160,-181,-203,-221,-234,-249,-249,-206,-216,-195,-165,-149,-131,-118,-140
Yorkshire and The Humber,E08000016,Barnsley,-187,-249,-255,-265,-273,-297,-335,-375,-424,-424,-467,-410,-276,-327,-272,-207,-223,-247,-148,-221
Yorkshire and The Humber,E08000017,Doncaster,-243,-324,-331,-346,-355,-388,-438,-490,-554,-554,-611,-537,-362,-428,-355,-268,-286,-313,-186,-278
Yorkshire and The Humber,E08000018,Rotherham ,-214,-285,-290,-301,-311,-338,-380,-425,-480,-476,-521,-455,-305,-360,-298,-224,-238,-263,-155,-232
Yorkshire and The Humber,E08000019,Sheffield,-706,-858,-884,-1031,-1019,-1091,-1167,-1312,-1452,-1398,-1419,-1340,-1035,-1094,-1021,-780,-878,-1047,-881,-1038
Yorkshire and The Humber,E08000032,Bradford ,-503,-585,-567,-599,-659,-747,-809,-891,-954,-1014,-1042,-909,-563,-651,-570,-435,-431,-542,-453,-543
Yorkshire and The Humber,E08000033,Calderdale,-278,-349,-336,-362,-381,-419,-434,-464,-518,-519,-546,-511,-386,-413,-371,-321,-312,-343,-302,-336
Yorkshire and The Humber,E08000034,Kirklees ,-563,-707,-684,-737,-778,-856,-887,-951,-1061,-1065,-1121,-1050,-796,-854,-772,-668,-651,-717,-633,-706
Yorkshire and The Humber,E08000035,Leeds ,-1339,-1507,-1552,-1719,-1767,-1757,-1792,-1996,-2158,-2359,-2677,-2483,-1880,-2027,-2089,-1610,-1540,-1811,-1793,-2134
Yorkshire and The Humber,E08000036,Wakefield,-366,-462,-454,-485,-517,-573,-586,-640,-717,-705,-737,-711,-522,-558,-456,-350,-365,-433,-290,-322
East Midlands,E06000015,Derby ,-246,-281,-248,-294,-377,-347,-419,-485,-508,-602,-633,-556,-561,-552,-427,-340,-418,-432,-428,-550
East Midlands,E06000016,Leicester,-356,-400,-407,-454,-428,-420,-408,-472,-518,-648,-673,-562,-469,-552,-547,-465,-439,-516,-451,-519
East Midlands,E06000018,Nottingham,-220,-304,-288,-306,-286,-307,-311,-391,-504,-554,-576,-520,-381,-358,-460,-372,-395,-441,-487,-492
East Midlands,E06000017,Rutland ,-66,-71,-77,-85,-91,-104,-111,-123,-128,-138,-145,-131,-107,-118,-113,-86,-83,-93,-82,-92
East Midlands,E07000032,Amber Valley,-212,-264,-276,-238,-251,-280,-306,-340,-370,-379,-385,-369,-279,-328,-366,-271,-333,-321,-314,-361
East Midlands,E07000033,Bolsover,-69,-79,-86,-96,-82,-118,-135,-135,-144,-157,-153,-141,-99,-106,-81,-64,-71,-85,-65,-78
East Midlands,E07000034,Chesterfield,-99,-112,-121,-134,-113,-161,-185,-184,-199,-215,-210,-193,-136,-144,-110,-87,-97,-115,-87,-103
East Midlands,E07000035,Derbyshire Dales,-126,-158,-164,-141,-147,-162,-175,-195,-210,-213,-216,-207,-155,-183,-202,-147,-181,-175,-169,-195
East Midlands,E07000036,Erewash,-198,-249,-258,-223,-237,-264,-286,-317,-344,-349,-354,-341,-259,-304,-340,-252,-309,-300,-294,-338
East Midlands,E07000037,High Peak,-163,-203,-211,-183,-193,-214,-232,-258,-280,-286,-292,-280,-212,-248,-276,-205,-250,-241,-236,-271
East Midlands,E07000038,North East Derbyshire,-97,-110,-119,-132,-111,-157,-179,-177,-190,-204,-198,-182,-126,-133,-100,-77,-86,-103,-75,-91
East Midlands,E07000039,South Derbyshire,-147,-187,-193,-168,-179,-203,-225,-253,-278,-287,-295,-286,-219,-257,-290,-217,-269,-262,-259,-300
East Midlands,E07000129,Blaby,-174,-191,-203,-224,-240,-271,-288,-318,-328,-352,-367,-333,-272,-301,-289,-228,-216,-239,-215,-239
East Midlands,E07000130,Charnwood,-307,-333,-356,-388,-414,-465,-494,-551,-572,-615,-646,-591,-492,-548,-531,-428,-408,-453,-416,-462
East Midlands,E07000131,Harborough,-145,-159,-169,-187,-203,-231,-247,-275,-285,-308,-324,-294,-242,-270,-260,-206,-196,-216,-196,-217
East Midlands,E07000132,Hinckley and Bosworth,-198,-215,-230,-249,-266,-299,-319,-356,-369,-396,-412,-374,-306,-337,-324,-255,-241,-266,-240,-267
East Midlands,E07000133,Melton,-92,-99,-107,-118,-126,-142,-152,-168,-173,-185,-194,-176,-144,-161,-155,-122,-115,-126,-113,-123
East Midlands,E07000134,North West Leicestershire,-166,-181,-193,-211,-226,-258,-276,-308,-321,-346,-363,-330,-272,-300,-288,-228,-216,-240,-219,-244
East Midlands,E07000135,Oadby and Wigston,-108,-116,-124,-136,-145,-164,-175,-195,-200,-215,-223,-200,-161,-176,-172,-136,-128,-140,-125,-136
East Midlands,E07000136,Boston,-63,-77,-79,-97,-98,-77,-113,-127,-139,-142,-151,-147,-101,-118,-108,-60,-69,-87,-51,-56
East Midlands,E07000137,East Lindsey,-139,-169,-177,-221,-223,-173,-256,-286,-311,-310,-322,-307,-200,-231,-207,-105,-121,-157,-80,-90
East Midlands,E07000138,Lincoln,-99,-120,-126,-155,-158,-126,-183,-206,-228,-230,-241,-234,-163,-189,-177,-111,-122,-148,-97,-105
East Midlands,E07000139,North Kesteven,-101,-122,-131,-164,-168,-133,-196,-219,-239,-241,-254,-247,-166,-193,-177,-98,-111,-142,-82,-91
East Midlands,E07000140,South Holland,-83,-102,-105,-131,-132,-103,-153,-173,-189,-192,-203,-197,-133,-155,-142,-77,-88,-113,-64,-72
East Midlands,E07000141,South Kesteven,-145,-176,-182,-223,-226,-176,-255,-283,-308,-310,-324,-312,-211,-243,-224,-126,-142,-180,-103,-114
East Midlands,E07000142,West Lindsey,-90,-109,-113,-139,-141,-111,-164,-184,-202,-203,-214,-207,-138,-160,-146,-81,-92,-116,-66,-73
East Midlands,E07000150,Corby,-102,-114,-112,-124,-129,-108,-148,-167,-190,-205,-226,-216,-172,-187,-187,-161,-165,-178,-183,-196
East Midlands,E07000151,Daventry,-157,-177,-178,-200,-215,-187,-249,-279,-311,-333,-363,-349,-285,-299,-313,-258,-268,-298,-279,-317
East Midlands,E07000152,East Northamptonshire,-138,-158,-157,-177,-186,-158,-221,-250,-284,-305,-332,-312,-244,-260,-253,-213,-215,-230,-235,-250
East Midlands,E07000153,Kettering,-155,-175,-172,-191,-199,-168,-234,-265,-301,-322,-353,-334,-263,-281,-276,-234,-236,-253,-257,-273
East Midlands,E07000154,Northampton,-454,-508,-508,-558,-583,-502,-659,-736,-826,-890,-979,-956,-786,-834,-882,-737,-768,-858,-809,-914
East Midlands,E07000155,South Northamptonshire,-177,-197,-200,-223,-236,-208,-274,-310,-349,-372,-404,-388,-313,-328,-340,-282,-296,-331,-310,-349
East Midlands,E07000156,Wellingborough,-135,-151,-151,-169,-175,-148,-202,-226,-256,-272,-293,-274,-213,-227,-221,-186,-185,-197,-200,-213
East Midlands,E07000170,Ashfield,-110,-150,-146,-154,-148,-186,-205,-234,-254,-254,-284,-249,-185,-207,-179,-115,-112,-134,-98,-126
East Midlands,E07000171,Bassetlaw,-106,-146,-142,-149,-142,-179,-197,-224,-241,-241,-270,-236,-174,-195,-166,-106,-102,-122,-87,-112
East Midlands,E07000172,Broxtowe,-207,-246,-261,-287,-246,-291,-330,-369,-385,-403,-448,-465,-361,-391,-377,-340,-277,-342,-349,-396
East Midlands,E07000173,Gedling,-211,-254,-268,-294,-253,-299,-338,-376,-392,-409,-456,-472,-365,-399,-386,-346,-283,-352,-358,-407
East Midlands,E07000174,Mansfield,-99,-135,-131,-136,-128,-161,-179,-204,-221,-222,-251,-222,-165,-184,-159,-103,-99,-117,-86,-110
East Midlands,E07000175,Newark and Sherwood,-104,-143,-138,-144,-137,-173,-192,-220,-239,-239,-269,-236,-174,-195,-166,-106,-103,-123,-88,-114
East Midlands,E07000176,Rushcliffe,-194,-236,-250,-278,-241,-286,-325,-363,-379,-398,-444,-460,-356,-391,-375,-335,-275,-343,-351,-398
West Midlands,E06000019,"Herefordshire, County of",-172,-168,-147,-223,-231,-251,-204,-297,-329,-379,-379,-342,-201,-246,-187,-117,-179,-222,-161,-185
West Midlands,E06000051,Shropshire,-331,-425,-428,-416,-457,-510,-529,-637,-664,-718,-756,-783,-610,-666,-537,-382,-356,-450,-445,-469
West Midlands,E06000021,Stoke-on-Trent,-221,-209,-235,-301,-277,-285,-321,-311,-382,-427,-477,-419,-260,-310,-347,-276,-266,-318,-253,-312
West Midlands,E06000020,Telford and Wrekin,-227,-269,-279,-306,-330,-366,-386,-440,-459,-485,-489,-467,-337,-336,-323,-289,-335,-379,-234,-316
West Midlands,E07000192,Cannock Chase,-150,-176,-181,-206,-209,-237,-252,-260,-281,-297,-311,-293,-228,-242,-210,-165,-179,-193,-184,-215
West Midlands,E07000193,East Staffordshire,-162,-192,-197,-226,-230,-260,-279,-289,-313,-333,-352,-333,-259,-277,-241,-189,-205,-221,-212,-249
West Midlands,E07000194,Lichfield,-156,-181,-186,-210,-210,-236,-250,-259,-279,-297,-312,-293,-225,-240,-206,-158,-172,-186,-177,-209
West Midlands,E07000195,Newcastle-under-Lyme,-197,-230,-239,-272,-274,-309,-327,-337,-362,-382,-400,-372,-287,-304,-263,-206,-226,-245,-236,-280
West Midlands,E07000196,South Staffordshire,-174,-201,-208,-236,-239,-267,-281,-288,-308,-325,-340,-317,-243,-259,-222,-172,-191,-206,-195,-229
West Midlands,E07000197,Stafford,-203,-234,-240,-271,-271,-307,-326,-336,-363,-386,-407,-383,-296,-316,-273,-213,-232,-249,-236,-281
West Midlands,E07000198,Staffordshire Moorlands,-152,-178,-183,-209,-211,-238,-250,-257,-276,-292,-305,-284,-218,-231,-197,-152,-165,-178,-168,-199
West Midlands,E07000199,Tamworth,-122,-144,-149,-169,-173,-193,-204,-209,-225,-238,-249,-234,-182,-192,-166,-130,-140,-149,-142,-166
West Midlands,E07000218,North Warwickshire,-132,-150,-149,-163,-175,-186,-189,-212,-226,-227,-243,-230,-181,-192,-177,-172,-183,-200,-195,-229
West Midlands,E07000219,Nuneaton and Bedworth,-250,-285,-282,-309,-335,-356,-366,-411,-440,-446,-482,-461,-366,-389,-361,-352,-375,-410,-397,-468
West Midlands,E07000220,Rugby,-181,-206,-204,-224,-245,-263,-269,-304,-329,-338,-369,-356,-285,-306,-287,-280,-301,-332,-327,-385
West Midlands,E07000221,Stratford-on-Avon,-233,-267,-261,-286,-308,-328,-334,-375,-404,-412,-448,-426,-333,-355,-327,-316,-336,-369,-359,-425
West Midlands,E07000222,Warwick,-260,-297,-295,-327,-359,-389,-405,-462,-500,-510,-552,-527,-421,-444,-408,-400,-425,-465,-452,-529
West Midlands,E08000025,Birmingham,-1093,-1334,-1339,-1453,-1492,-1515,-1396,-1557,-1701,-1769,-1969,-1666,-1056,-1325,-1188,-809,-920,-1362,-1039,-1388
West Midlands,E08000026,Coventry,-461,-582,-610,-654,-702,-659,-642,-711,-757,-792,-813,-688,-505,-652,-536,-424,-432,-603,-620,-735
West Midlands,E08000027,Dudley ,-441,-505,-502,-505,-568,-597,-571,-603,-667,-669,-695,-671,-444,-552,-574,-485,-403,-485,-375,-436
West Midlands,E08000028,Sandwell ,-308,-360,-352,-364,-407,-420,-396,-420,-485,-502,-532,-464,-248,-346,-328,-285,-282,-292,-296,-258
West Midlands,E08000029,Solihull,-498,-543,-549,-553,-597,-613,-646,-769,-835,-794,-797,-717,-520,-614,-749,-604,-661,-644,-636,-755
West Midlands,E08000030,Walsall,-323,-381,-399,-395,-345,-378,-389,-411,-413,-412,-420,-349,-179,-231,-203,-136,-76,-110,-91,-204
West Midlands,E08000031,Wolverhampton,-306,-359,-378,-373,-320,-360,-367,-387,-395,-398,-409,-338,-194,-241,-241,-186,-110,-146,-79,-206
West Midlands,E07000234,Bromsgrove,-142,-169,-162,-186,-201,-219,-237,-268,-308,-318,-317,-278,-212,-232,-207,-165,-158,-171,-153,-168
West Midlands,E07000235,Malvern Hills,-114,-137,-130,-149,-160,-172,-185,-209,-239,-246,-243,-211,-158,-176,-155,-122,-117,-127,-111,-121
West Midlands,E07000236,Redditch,-130,-156,-152,-174,-189,-203,-219,-247,-284,-296,-295,-262,-202,-220,-199,-159,-151,-161,-146,-157
West Midlands,E07000237,Worcester,-150,-183,-177,-204,-221,-236,-255,-288,-331,-344,-341,-304,-236,-258,-235,-192,-185,-199,-182,-199
West Midlands,E07000238,Wychavon,-177,-212,-207,-240,-259,-278,-299,-337,-385,-397,-393,-343,-260,-286,-254,-202,-193,-210,-188,-206
West Midlands,E07000239,Wyre Forest,-160,-191,-184,-210,-225,-240,-259,-290,-332,-341,-336,-293,-221,-241,-213,-168,-160,-172,-154,-167
East of England,E06000055,Bedford,-269,-309,-314,-368,-414,-451,-493,-535,-531,-543,-594,-583,-475,-522,-501,-426,-439,-511,-465,-509
East of England,E06000056,Central Bedfordshire,-616,-700,-727,-834,-919,-988,-1071,-1145,-1152,-1184,-1281,-1293,-1119,-1190,-1207,-1056,-1140,-1266,-1188,-1271
East of England,E06000032,Luton,-391,-403,-410,-451,-432,-431,-451,-470,-527,-565,-553,-514,-462,-484,-438,-394,-380,-454,-384,-461
East of England,E06000031,Peterborough,-258,-329,-367,-450,-482,-464,-484,-506,-499,-563,-635,-611,-433,-490,-428,-302,-351,-435,-483,-565
East of England,E06000033,Southend-on-Sea,-272,-314,-349,-400,-381,-324,-362,-411,-420,-441,-507,-440,-323,-381,-356,-292,-326,-357,-414,-502
East of England,E06000034,Thurrock,-292,-318,-332,-399,-416,-392,-401,-506,-574,-621,-636,-628,-542,-560,-479,-403,-448,-524,-457,-510
East of England,E07000008,Cambridge,-218,-271,-311,-361,-386,-411,-453,-514,-599,-620,-630,-611,-556,-585,-572,-540,-559,-629,-621,-673
East of England,E07000009,East Cambridgeshire,-128,-165,-185,-219,-235,-255,-287,-317,-355,-376,-396,-384,-350,-363,-348,-331,-343,-392,-382,-419
East of England,E07000010,Fenland,-146,-183,-207,-242,-260,-283,-312,-358,-400,-425,-450,-435,-393,-407,-387,-366,-380,-432,-423,-467
East of England,E07000011,Huntingdonshire,-297,-365,-412,-481,-514,-554,-604,-691,-764,-800,-830,-802,-722,-744,-713,-675,-699,-795,-776,-852
East of England,E07000012,South Cambridgeshire,-243,-300,-339,-392,-425,-459,-504,-573,-640,-674,-705,-684,-621,-646,-621,-588,-605,-691,-676,-746
East of England,E07000066,Basildon,-300,-379,-408,-450,-485,-495,-511,-554,-594,-608,-641,-617,-543,-577,-570,-484,-496,-505,-519,-600
East of England,E07000067,Braintree,-171,-229,-250,-289,-317,-333,-351,-387,-418,-428,-455,-429,-367,-395,-385,-309,-303,-288,-269,-319
East of England,E07000068,Brentwood,-218,-252,-256,-270,-281,-284,-289,-306,-321,-323,-335,-336,-305,-323,-321,-280,-314,-317,-326,-357
East of England,E07000069,Castle Point,-160,-202,-214,-235,-251,-255,-263,-282,-301,-305,-319,-304,-265,-280,-273,-228,-231,-232,-236,-275
East of England,E07000070,Chelmsford,-502,-586,-603,-636,-673,-686,-702,-745,-780,-779,-804,-800,-724,-760,-751,-657,-729,-726,-748,-819
East of England,E07000071,Colchester,-215,-280,-306,-347,-379,-392,-412,-453,-495,-507,-541,-513,-440,-478,-469,-383,-379,-365,-352,-422
East of England,E07000072,Epping Forest,-267,-323,-341,-368,-391,-399,-408,-435,-460,-467,-490,-478,-426,-453,-438,-375,-405,-450,-473,-525
East of England,E07000073,Harlow,-169,-209,-221,-240,-257,-260,-266,-284,-301,-305,-321,-315,-284,-304,-296,-254,-273,-303,-320,-354
East of England,E07000074,Maldon,-175,-210,-218,-235,-250,-252,-256,-268,-280,-280,-290,-288,-257,-269,-263,-228,-253,-252,-257,-281
East of England,E07000075,Rochford,-140,-177,-190,-210,-226,-231,-239,-259,-278,-284,-301,-289,-253,-269,-262,-221,-224,-227,-232,-269
East of England,E07000076,Tendring,-160,-215,-232,-269,-293,-307,-323,-353,-378,-382,-403,-371,-306,-332,-316,-245,-240,-227,-209,-256
East of England,E07000077,Uttlesford,-154,-187,-196,-212,-226,-231,-238,-255,-272,-278,-295,-291,-262,-286,-280,-240,-262,-292,-309,-344
East of England,E07000095,Broxbourne,-228,-269,-281,-330,-339,-316,-368,-411,-439,-455,-498,-492,-474,-466,-456,-439,-476,-500,-509,-558
East of England,E07000096,Dacorum,-373,-437,-449,-524,-535,-497,-579,-648,-686,-708,-770,-760,-734,-724,-713,-689,-750,-788,-806,-888
East of England,E07000242,East Hertfordshire,-355,-418,-427,-497,-510,-476,-553,-618,-654,-676,-739,-731,-705,-692,-680,-655,-714,-752,-770,-850
East of England,E07000098,Hertsmere,-248,-294,-302,-355,-362,-335,-391,-435,-462,-479,-525,-522,-503,-497,-487,-467,-505,-530,-538,-589
East of England,E07000099,North Hertfordshire,-312,-366,-376,-440,-451,-421,-495,-558,-592,-614,-671,-664,-638,-628,-618,-593,-643,-679,-689,-759
East of England,E07000240,St Albans,-356,-412,-425,-495,-504,-471,-549,-614,-650,-673,-734,-728,-703,-694,-684,-655,-711,-751,-764,-839
East of England,E07000243,Stevenage,-211,-246,-255,-301,-310,-289,-338,-378,-401,-413,-450,-447,-432,-426,-422,-407,-442,-462,-472,-519
East of England,E07000102,Three Rivers,-221,-256,-269,-314,-317,-296,-347,-388,-412,-424,-464,-459,-443,-435,-425,-410,-446,-469,-481,-530
East of England,E07000103,Watford,-222,-263,-270,-315,-322,-299,-349,-393,-421,-432,-473,-474,-465,-464,-463,-449,-494,-522,-533,-582
East of England,E07000241,Welwyn Hatfield,-259,-301,-314,-367,-374,-351,-415,-473,-516,-542,-599,-592,-572,-567,-560,-539,-592,-627,-652,-736
East of England,E07000143,Breckland,-123,-151,-150,-174,-173,-187,-191,-220,-230,-234,-266,-245,-184,-180,-178,-138,-140,-135,-87,-113
East of England,E07000144,Broadland,-162,-193,-191,-215,-213,-223,-228,-256,-265,-272,-300,-273,-211,-214,-206,-169,-171,-187,-169,-212
East of England,E07000145,Great Yarmouth,-123,-145,-144,-162,-161,-169,-173,-196,-205,-209,-232,-213,-165,-169,-163,-134,-135,-148,-133,-166
East of England,E07000146,King’s Lynn and West Norfolk,-48,-72,-66,-90,-84,-93,-96,-130,-140,-143,-173,-136,-58,-51,-40,11,13,3,83,55
East of England,E07000147,North Norfolk,-32,-50,-44,-61,-57,-63,-64,-87,-93,-93,-113,-85,-31,-24,-17,18,20,13,67,48
East of England,E07000148,Norwich,-179,-208,-207,-232,-234,-245,-251,-283,-299,-308,-339,-317,-253,-261,-257,-222,-227,-247,-234,-288
East of England,E07000149,South Norfolk,-116,-142,-139,-161,-160,-174,-177,-205,-212,-215,-243,-225,-170,-169,-168,-131,-133,-130,-84,-110
East of England,E07000200,Babergh,-111,-130,-134,-155,-166,-165,-188,-207,-226,-199,-225,-222,-163,-199,-184,-137,-122,-143,-129,-156
East of England,E07000201,Forest Heath,-92,-101,-104,-121,-116,-115,-133,-146,-161,-139,-157,-155,-117,-144,-137,-105,-94,-113,-104,-121
East of England,E07000202,Ipswich,-156,-182,-189,-217,-235,-235,-269,-303,-340,-301,-345,-349,-268,-330,-310,-242,-219,-252,-236,-280
East of England,E07000203,Mid Suffolk,-114,-132,-140,-161,-174,-173,-196,-219,-241,-214,-246,-245,-182,-223,-207,-157,-141,-165,-151,-181
East of England,E07000204,St Edmundsbury,-133,-159,-162,-188,-201,-201,-228,-254,-279,-247,-284,-283,-212,-262,-244,-185,-166,-192,-176,-210
East of England,E07000205,Suffolk Coastal,-156,-178,-181,-208,-221,-220,-250,-279,-308,-271,-313,-309,-225,-277,-255,-189,-168,-198,-178,-216
East of England,E07000206,Waveney,-143,-165,-172,-199,-214,-213,-242,-271,-297,-259,-294,-290,-210,-257,-235,-175,-155,-181,-163,-197
London,E09000007,Camden,18,-133,-361,-704,-752,-648,-793,-1060,-1452,-1793,-2181,-2086,-1978,-2259,-2213,-2234,-2463,-2344,-2618,-2943
London,E09000001,City of London,1,-4,-13,-26,-29,-24,-29,-38,-51,-64,-82,-77,-72,-80,-77,-65,-61,-57,-67,-80
London,E09000012,Hackney ,98,26,-59,-216,-242,-247,-313,-388,-520,-709,-874,-811,-727,-920,-948,-888,-825,-880,-905,-1037
London,E09000013,Hammersmith and Fulham ,-1656,-1967,-2171,-2427,-2494,-2383,-2454,-2669,-2980,-3299,-3695,-3727,-3592,-3842,-3801,-3706,-4160,-4447,-4123,-4315
London,E09000014,Haringey,-603,-724,-789,-945,-1001,-980,-1047,-1138,-1277,-1447,-1606,-1610,-1473,-1661,-1668,-1569,-1792,-1969,-1954,-2059
London,E09000019,Islington,-500,-606,-650,-783,-827,-804,-863,-936,-1056,-1191,-1327,-1312,-1208,-1368,-1407,-1344,-1548,-1727,-1741,-1842
London,E09000020,Kensington and Chelsea,-1524,-1805,-1975,-2262,-2349,-2228,-2324,-2521,-2843,-3047,-3316,-3325,-3125,-3295,-3182,-3067,-3462,-3716,-3443,-3566
London,E09000022,Lambeth ,-418,-547,-639,-841,-898,-879,-972,-1090,-1259,-1481,-1667,-1616,-1475,-1706,-1733,-1646,-1786,-1916,-2103,-2220
London,E09000023,Lewisham ,-258,-368,-452,-645,-689,-671,-746,-856,-1013,-1202,-1362,-1303,-1166,-1362,-1366,-1273,-1416,-1584,-1615,-1728
London,E09000025,Newham ,120,35,-64,-250,-284,-294,-372,-453,-596,-813,-1015,-946,-859,-1122,-1177,-1098,-1015,-1082,-1117,-1293
London,E09000028,Southwark,-256,-364,-453,-656,-706,-688,-766,-887,-1062,-1276,-1458,-1390,-1251,-1467,-1478,-1381,-1539,-1710,-1747,-1858
London,E09000030,Tower Hamlets,-638,-750,-807,-947,-994,-976,-1033,-1136,-1286,-1482,-1655,-1649,-1548,-1753,-1789,-1729,-1948,-2227,-2423,-2602
London,E09000032,Wandsworth,-262,-348,-612,-1067,-1142,-1053,-1239,-1592,-2151,-2667,-3265,-3183,-3081,-3476,-3375,-3318,-3537,-4145,-4269,-4592
London,E09000033,Westminster,-532,-723,-944,-1284,-1357,-1273,-1414,-1718,-2144,-2466,-2852,-2729,-2531,-2769,-2671,-2673,-3028,-3248,-3532,-3846
London,E09000002,Barking and Dagenham,-246,-317,-321,-359,-394,-406,-450,-466,-489,-511,-569,-570,-458,-536,-532,-453,-462,-555,-555,-676
London,E09000003,Barnet,-444,-594,-675,-778,-867,-928,-1010,-1092,-1232,-1302,-1413,-1377,-1185,-1324,-1349,-1333,-1390,-1554,-1614,-1823
London,E09000004,Bexley,-648,-757,-756,-791,-831,-838,-895,-924,-958,-981,-1051,-1066,-904,-988,-978,-868,-937,-1052,-1115,-1223
London,E09000005,Brent ,-193,-302,-390,-505,-569,-614,-667,-726,-856,-953,-1076,-1032,-862,-984,-1023,-1011,-1045,-1193,-1221,-1380
London,E09000006,Bromley,-597,-751,-797,-944,-1037,-1067,-1165,-1289,-1389,-1440,-1601,-1533,-1267,-1423,-1426,-1262,-1459,-1612,-1723,-1869
London,E09000008,Croydon,-268,-404,-477,-655,-740,-789,-932,-1070,-1184,-1278,-1483,-1347,-1068,-1253,-1306,-1163,-1222,-1288,-1198,-1356
London,E09000009,Ealing,-914,-1101,-1183,-1291,-1386,-1429,-1502,-1588,-1729,-1803,-1913,-1884,-1677,-1806,-1846,-1811,-1891,-2118,-2095,-2259
London,E09000010,Enfield,-325,-438,-442,-493,-539,-570,-649,-680,-710,-747,-853,-828,-609,-708,-699,-556,-559,-673,-715,-826
London,E09000011,Greenwich,-641,-754,-754,-799,-858,-884,-954,-998,-1044,-1082,-1166,-1192,-1026,-1129,-1142,-1034,-1118,-1254,-1345,-1475
London,E09000015,Harrow,-260,-345,-401,-467,-527,-571,-629,-694,-799,-850,-923,-889,-756,-858,-883,-865,-889,-972,-942,-1026
London,E09000016,Havering,-361,-450,-452,-496,-531,-543,-603,-628,-660,-691,-766,-757,-594,-681,-662,-555,-559,-671,-663,-800
London,E09000017,Hillingdon,-305,-406,-472,-547,-612,-662,-728,-797,-906,-965,-1048,-1012,-862,-977,-1019,-1014,-1059,-1171,-1150,-1259
London,E09000018,Hounslow,-1142,-1307,-1344,-1402,-1483,-1504,-1546,-1625,-1745,-1812,-1914,-1954,-1804,-1922,-1995,-1974,-2179,-2322,-2469,-2700
London,E09000021,Kingston upon Thames,-462,-555,-591,-673,-724,-743,-801,-877,-939,-988,-1075,-1047,-909,-996,-1014,-957,-1038,-1074,-1153,-1284
London,E09000024,Merton,-594,-704,-747,-860,-927,-945,-1010,-1093,-1170,-1235,-1354,-1319,-1154,-1260,-1279,-1196,-1285,-1315,-1392,-1534
London,E09000026,Redbridge,-464,-565,-576,-630,-683,-708,-783,-817,-862,-916,-1023,-1031,-858,-965,-966,-862,-872,-980,-982,-1126
London,E09000027,Richmond upon Thames,-925,-1045,-1085,-1126,-1183,-1203,-1255,-1317,-1401,-1431,-1470,-1471,-1331,-1393,-1416,-1385,-1531,-1636,-1729,-1891
London,E09000029,Sutton,-564,-669,-703,-796,-849,-868,-935,-1015,-1081,-1133,-1237,-1205,-1053,-1155,-1173,-1101,-1191,-1229,-1303,-1448
London,E09000031,Waltham Forest,-440,-542,-545,-594,-645,-666,-728,-757,-796,-849,-952,-969,-817,-924,-926,-826,-832,-921,-920,-1052
South East,E06000036,Bracknell Forest,-346,-393,-412,-473,-478,-496,-526,-558,-600,-632,-695,-681,-589,-613,-629,-594,-637,-673,-656,-735
South East,E06000043,Brighton and Hove,-281,-389,-430,-525,-557,-652,-693,-775,-849,-882,-1012,-1022,-862,-979,-1014,-915,-927,-943,-893,-968
South East,E06000046,Isle of Wight,-36,-66,-65,-76,-44,-73,-103,-118,-104,-123,-151,-121,6,-21,2,131,102,68,97,102
South East,E06000035,Medway,-523,-601,-617,-710,-686,-712,-749,-779,-807,-830,-1003,-947,-759,-727,-750,-665,-606,-703,-681,-769
South East,E06000042,Milton Keynes,-525,-638,-713,-811,-891,-954,-938,-985,-1117,-1239,-1303,-1301,-1066,-1157,-1165,-1035,-1052,-1087,-1011,-1157
South East,E06000044,Portsmouth,-193,-224,-246,-359,-344,-407,-408,-410,-483,-468,-504,-473,-385,-458,-413,-295,-283,-341,-272,-354
South East,E06000038,Reading,-450,-521,-541,-626,-640,-662,-705,-753,-824,-874,-965,-950,-822,-858,-881,-831,-892,-937,-913,-1027
South East,E06000039,Slough,-364,-421,-440,-512,-524,-546,-579,-616,-673,-721,-807,-806,-713,-753,-784,-737,-785,-826,-804,-906
South East,E06000045,Southampton,-404,-487,-460,-485,-524,-536,-534,-608,-597,-675,-745,-751,-570,-629,-600,-486,-507,-575,-620,-625
South East,E06000037,West Berkshire,-452,-514,-535,-614,-621,-642,-682,-727,-786,-834,-921,-904,-782,-813,-824,-767,-819,-858,-828,-932
South East,E06000040,Windsor and Maidenhead,-422,-472,-488,-562,-565,-587,-626,-670,-725,-771,-851,-833,-720,-753,-769,-717,-763,-804,-777,-878
South East,E06000041,Wokingham,-467,-536,-556,-643,-653,-673,-711,-754,-808,-851,-935,-912,-787,-815,-827,-776,-828,-872,-847,-957
South East,E07000004,Aylesbury Vale,-414,-482,-529,-605,-706,-698,-701,-737,-782,-870,-936,-921,-817,-914,-930,-780,-816,-976,-1015,-1058
South East,E07000005,Chiltern,-232,-264,-282,-318,-361,-357,-361,-382,-405,-449,-483,-472,-415,-461,-460,-378,-390,-464,-473,-484
South East,E07000006,South Bucks,-154,-178,-191,-219,-250,-247,-249,-266,-285,-317,-343,-338,-301,-337,-341,-281,-292,-346,-355,-364
South East,E07000007,Wycombe,-422,-484,-521,-593,-681,-678,-683,-720,-767,-850,-914,-898,-798,-892,-906,-751,-772,-909,-926,-942
South East,E07000061,Eastbourne,-59,-79,-87,-97,-89,-81,-96,-135,-134,-161,-202,-186,-135,-174,-152,-105,-152,-152,-106,-125
South East,E07000062,Hastings,-61,-80,-90,-100,-94,-86,-99,-135,-133,-157,-196,-182,-137,-174,-153,-111,-155,-154,-113,-130
South East,E07000063,Lewes,-61,-81,-91,-102,-94,-85,-98,-135,-130,-155,-194,-178,-130,-168,-145,-99,-146,-147,-101,-119
South East,E07000064,Rother,-52,-70,-77,-86,-76,-68,-80,-114,-110,-132,-166,-150,-105,-137,-114,-72,-112,-114,-73,-89
South East,E07000065,Wealden,-101,-135,-146,-161,-146,-131,-151,-208,-202,-240,-297,-270,-194,-251,-216,-147,-218,-222,-153,-182
South East,E07000084,Basingstoke and Deane,-488,-559,-564,-619,-641,-688,-709,-776,-812,-831,-891,-886,-789,-831,-825,-767,-812,-887,-807,-844
South East,E07000085,East Hampshire,-181,-222,-221,-250,-266,-298,-310,-351,-365,-366,-401,-385,-309,-329,-318,-260,-296,-328,-304,-346
South East,E07000086,Eastleigh,-172,-215,-224,-265,-284,-320,-333,-376,-401,-419,-464,-438,-364,-396,-384,-339,-336,-384,-316,-351
South East,E07000087,Fareham,-162,-203,-205,-241,-259,-292,-303,-340,-357,-369,-408,-384,-317,-343,-329,-290,-287,-331,-272,-305
South East,E07000088,Gosport,-118,-147,-147,-174,-185,-209,-219,-249,-265,-276,-307,-292,-241,-259,-249,-220,-217,-249,-207,-232
South East,E07000089,Hart,-275,-314,-312,-340,-351,-377,-389,-428,-448,-461,-494,-488,-429,-446,-437,-402,-425,-466,-422,-442
South East,E07000090,Havant,-175,-219,-220,-258,-274,-309,-322,-362,-383,-395,-434,-408,-336,-363,-349,-305,-300,-347,-285,-319
South East,E07000091,New Forest,-263,-326,-321,-365,-379,-433,-454,-517,-540,-539,-587,-557,-441,-467,-447,-357,-407,-456,-415,-477
South East,E07000092,Rushmoor,-284,-335,-339,-365,-384,-407,-417,-452,-472,-485,-521,-519,-458,-481,-477,-442,-465,-505,-458,-482
South East,E07000093,Test Valley,-180,-226,-223,-255,-268,-303,-318,-361,-378,-378,-415,-398,-317,-334,-323,-265,-303,-337,-316,-365
South East,E07000094,Winchester,-177,-223,-221,-251,-262,-296,-311,-353,-368,-369,-405,-391,-316,-336,-326,-270,-307,-344,-325,-375
South East,E07000105,Ashford,-164,-198,-215,-243,-253,-274,-284,-339,-374,-390,-434,-410,-347,-370,-359,-315,-343,-362,-357,-382
South East,E07000106,Canterbury,26,-4,-25,-62,-67,-94,-110,-180,-214,-226,-280,-220,-133,-168,-143,-86,-99,-128,-81,-92
South East,E07000107,Dartford,-99,-125,-140,-166,-169,-184,-190,-233,-263,-278,-317,-293,-244,-269,-260,-227,-242,-273,-271,-297
South East,E07000108,Dover,21,-3,-18,-46,-50,-70,-81,-132,-157,-164,-204,-159,-94,-117,-97,-52,-59,-78,-42,-48
South East,E07000109,Gravesham,-108,-136,-153,-182,-186,-200,-206,-250,-278,-292,-332,-303,-250,-275,-264,-228,-242,-273,-268,-290
South East,E07000110,Maidstone,-239,-286,-305,-342,-350,-376,-389,-460,-501,-518,-577,-546,-464,-497,-482,-420,-457,-483,-482,-512
South East,E07000111,Sevenoaks,-441,-493,-504,-523,-526,-527,-529,-586,-617,-620,-661,-648,-570,-588,-574,-521,-584,-599,-630,-622
South East,E07000112,Shepway,20,-2,-16,-42,-44,-63,-73,-121,-146,-154,-192,-150,-89,-112,-93,-49,-55,-74,-39,-45
South East,E07000113,Swale,-137,-173,-195,-233,-240,-261,-270,-328,-363,-381,-435,-400,-330,-365,-350,-303,-321,-361,-355,-389
South East,E07000114,Thanet,28,0,-18,-51,-54,-79,-91,-153,-182,-190,-235,-182,-106,-134,-110,-57,-66,-90,-46,-53
South East,E07000115,Tonbridge and Malling,-429,-484,-496,-518,-526,-534,-538,-596,-626,-634,-683,-677,-603,-628,-615,-562,-636,-654,-696,-693
South East,E07000116,Tunbridge Wells,-409,-465,-476,-499,-507,-511,-514,-567,-595,-600,-649,-651,-581,-602,-591,-537,-602,-615,-645,-639
South East,E07000177,Cherwell,-254,-304,-319,-400,-458,-499,-517,-564,-624,-707,-731,-701,-634,-624,-608,-576,-619,-672,-672,-718
South East,E07000178,Oxford,-279,-336,-358,-441,-500,-547,-579,-637,-721,-803,-821,-783,-716,-712,-707,-677,-725,-793,-793,-847
South East,E07000179,South Oxfordshire,-247,-298,-311,-382,-439,-477,-489,-530,-585,-659,-681,-650,-585,-575,-560,-530,-569,-622,-618,-662
South East,E07000180,Vale of White Horse,-221,-263,-276,-341,-395,-427,-441,-478,-530,-599,-619,-588,-529,-522,-510,-483,-519,-565,-569,-616
South East,E07000181,West Oxfordshire,-186,-220,-230,-283,-324,-352,-366,-400,-443,-505,-530,-507,-457,-452,-440,-422,-453,-490,-486,-517
South East,E07000207,Elmbridge,-313,-370,-386,-477,-510,-528,-559,-618,-698,-777,-817,-800,-687,-755,-783,-749,-771,-824,-824,-877
South East,E07000208,Epsom and Ewell,-107,-134,-141,-193,-210,-221,-238,-271,-312,-349,-374,-366,-306,-348,-369,-351,-357,-368,-384,-427
South East,E07000209,Guildford,-344,-406,-427,-523,-565,-577,-601,-661,-738,-822,-865,-853,-742,-823,-868,-842,-870,-934,-956,-1025
South East,E07000210,Mole Valley,-125,-154,-163,-222,-243,-254,-275,-311,-355,-394,-419,-407,-338,-382,-401,-380,-383,-391,-404,-449
South East,E07000211,Reigate and Banstead,-197,-247,-262,-360,-397,-413,-445,-504,-576,-645,-690,-673,-567,-642,-681,-648,-654,-674,-702,-784
South East,E07000212,Runnymede,-204,-244,-253,-314,-337,-344,-360,-393,-437,-482,-512,-504,-439,-485,-504,-493,-513,-548,-557,-602
South East,E07000213,Spelthorne,-240,-281,-291,-357,-380,-388,-406,-447,-501,-557,-589,-583,-508,-561,-587,-567,-584,-620,-620,-658
South East,E07000214,Surrey Heath,-220,-258,-269,-326,-346,-352,-369,-408,-459,-510,-538,-527,-458,-504,-525,-503,-516,-550,-553,-584
South East,E07000215,Tandridge,-122,-153,-162,-223,-245,-253,-272,-307,-351,-391,-416,-403,-335,-378,-399,-378,-384,-394,-410,-456
South East,E07000216,Waverley,-300,-355,-364,-448,-480,-490,-515,-566,-627,-692,-726,-715,-618,-679,-706,-674,-691,-734,-734,-782
South East,E07000217,Woking,-237,-279,-290,-356,-383,-390,-410,-452,-512,-576,-613,-608,-530,-586,-617,-590,-604,-640,-637,-675
South East,E07000223,Adur,-16,-32,-62,-62,-57,-62,-76,-88,-96,-100,-121,-104,-50,-74,-54,-22,-27,-50,-32,-41
South East,E07000224,Arun,-33,-70,-139,-137,-124,-136,-171,-200,-222,-228,-279,-237,-108,-166,-115,-39,-49,-104,-58,-79
South East,E07000225,Chichester,-28,-57,-111,-109,-100,-108,-133,-154,-170,-175,-213,-183,-86,-130,-92,-35,-43,-83,-50,-67
South East,E07000226,Crawley,-295,-339,-393,-392,-386,-382,-402,-425,-449,-464,-506,-501,-412,-460,-437,-388,-436,-447,-432,-457
South East,E07000227,Horsham,-355,-401,-467,-464,-456,-459,-488,-517,-543,-555,-603,-589,-477,-531,-493,-430,-484,-499,-481,-516
South East,E07000228,Mid Sussex,-379,-435,-495,-488,-479,-482,-512,-541,-568,-581,-634,-625,-509,-568,-534,-467,-529,-545,-524,-558
South East,E07000229,Worthing,-25,-51,-101,-100,-91,-99,-124,-145,-162,-167,-204,-178,-88,-130,-96,-43,-50,-89,-60,-76
South West,E06000022,Bath and North East Somerset,-249,-311,-348,-409,-430,-374,-499,-532,-579,-604,-635,-591,-444,-502,-464,-407,-458,-473,-445,-498
South West,E06000028,Bournemouth,-148,-179,-206,-222,-200,-267,-294,-322,-438,-451,-530,-485,-321,-428,-355,-293,-370,-340,-398,-429
South West,E06000023,"Bristol, City of",-599,-735,-741,-885,-942,-785,-1014,-1105,-1231,-1378,-1510,-1362,-1142,-1381,-1346,-1053,-1121,-1417,-1442,-1537
South West,E06000052,Cornwall,-322,-393,-334,-351,-315,-320,-381,-578,-627,-668,-669,-516,-308,-349,-184,57,103,-10,158,-13
South West,E06000053,Isles of Scilly,-1,-2,-1,-2,-1,-1,-2,-3,-3,-3,-3,-2,-1,-1,-1,0,0,0,1,0
South West,E06000024,North Somerset,-271,-342,-379,-443,-466,-401,-542,-580,-634,-668,-705,-652,-486,-552,-499,-431,-481,-496,-453,-505
South West,E06000026,Plymouth,-261,-304,-312,-378,-369,-381,-410,-460,-529,-557,-608,-568,-397,-496,-432,-276,-221,-325,-303,-262
South West,E06000029,Poole,-128,-154,-175,-185,-164,-219,-241,-263,-355,-366,-426,-386,-249,-328,-263,-209,-266,-241,-280,-300
South West,E06000025,South Gloucestershire,-367,-458,-512,-602,-633,-551,-733,-787,-857,-900,-942,-874,-662,-749,-690,-607,-679,-698,-647,-719
South West,E06000030,Swindon,-507,-600,-659,-672,-682,-715,-764,-841,-954,-1014,-1064,-1068,-1039,-978,-929,-802,-838,-878,-823,-906
South West,E06000027,Torbay,12,11,31,-2,-22,-43,-37,-69,-103,-79,-108,-45,26,29,41,96,134,100,105,30
South West,E06000054,Wiltshire,-782,-871,-908,-974,-1115,-1290,-1347,-1435,-1563,-1641,-1656,-1541,-1314,-1389,-1220,-1003,-935,-1073,-972,-1042
South West,E07000040,East Devon,-30,-60,-31,-74,-79,-94,-113,-153,-172,-193,-205,-180,-105,-112,-75,-11,5,-12,18,17
South West,E07000041,Exeter,-41,-72,-47,-87,-95,-108,-126,-161,-183,-204,-218,-198,-136,-139,-107,-52,-40,-57,-33,-38
South West,E07000042,Mid Devon,-21,-39,-23,-48,-52,-61,-72,-95,-107,-120,-129,-115,-74,-76,-55,-16,-7,-17,1,-1
South West,E07000043,North Devon,-27,-49,-29,-59,-63,-74,-88,-116,-131,-147,-155,-138,-87,-90,-64,-18,-6,-18,2,1
South West,E07000044,South Hams,-25,-46,-27,-56,-59,-69,-81,-106,-118,-132,-140,-124,-77,-79,-55,-13,-3,-13,6,4
South West,E07000045,Teignbridge,-34,-65,-37,-79,-84,-100,-118,-156,-175,-195,-206,-183,-114,-118,-83,-22,-7,-23,5,3
South West,E07000046,Torridge,-17,-32,-19,-39,-43,-50,-59,-79,-88,-99,-105,-93,-58,-60,-42,-11,-3,-11,4,3
South West,E07000047,West Devon,-15,-28,-16,-33,-36,-43,-49,-65,-72,-81,-87,-78,-49,-51,-36,-9,-3,-9,3,2
South West,E07000048,Christchurch,-17,-29,-25,-37,-43,-46,-54,-69,-58,-65,-71,-60,-29,-30,-19,6,6,2,22,17
South West,E07000049,East Dorset,-38,-61,-54,-75,-87,-94,-109,-136,-116,-129,-140,-117,-59,-59,-38,8,7,1,38,29
South West,E07000050,North Dorset,-30,-48,-43,-60,-70,-76,-90,-111,-98,-111,-122,-104,-57,-57,-42,-5,-6,-11,19,12
South West,E07000051,Purbeck,-22,-35,-31,-43,-49,-53,-60,-74,-65,-72,-78,-67,-36,-36,-25,-1,-1,-5,15,10
South West,E07000052,West Dorset,-42,-67,-59,-83,-97,-105,-124,-154,-133,-148,-161,-137,-71,-72,-48,4,3,-3,40,30
South West,E07000053,Weymouth and Portland,-34,-53,-46,-64,-75,-81,-94,-114,-99,-110,-119,-103,-58,-58,-43,-8,-9,-13,16,10
South West,E07000078,Cheltenham,-171,-193,-199,-237,-255,-261,-266,-308,-368,-376,-404,-382,-295,-324,-334,-296,-282,-341,-311,-323
South West,E07000079,Cotswold,-122,-138,-142,-168,-178,-183,-188,-219,-259,-262,-281,-262,-196,-212,-218,-191,-182,-223,-203,-212
South West,E07000080,Forest of Dean,-122,-140,-143,-169,-182,-186,-191,-221,-261,-264,-282,-264,-198,-214,-219,-193,-184,-225,-205,-215
South West,E07000081,Gloucester,-167,-189,-198,-236,-251,-259,-268,-314,-374,-385,-418,-398,-307,-337,-348,-312,-300,-367,-338,-353
South West,E07000082,Stroud,-166,-188,-193,-228,-243,-249,-255,-297,-351,-356,-381,-357,-271,-296,-304,-267,-254,-313,-287,-299
South West,E07000083,Tewkesbury,-122,-131,-135,-163,-173,-178,-183,-212,-249,-254,-272,-256,-194,-214,-220,-194,-187,-231,-212,-223
South West,E07000187,Mendip,-100,-125,-134,-164,-151,-111,-185,-220,-216,-217,-212,-202,-139,-181,-164,-102,-97,-134,-101,-99
South West,E07000188,Sedgemoor,-101,-127,-134,-165,-151,-110,-185,-222,-218,-221,-217,-208,-142,-187,-171,-105,-101,-141,-105,-104
South West,E07000189,South Somerset,-144,-181,-193,-235,-213,-155,-263,-313,-309,-312,-305,-291,-198,-259,-235,-142,-134,-188,-138,-136
South West,E07000190,Taunton Deane,-97,-121,-129,-158,-147,-109,-183,-218,-215,-217,-211,-202,-140,-183,-167,-103,-99,-135,-102,-101
South West,E07000191,West Somerset,-30,-38,-41,-51,-46,-32,-57,-67,-64,-64,-62,-59,-38,-51,-45,-25,-23,-33,-22,-21
Wales,W06000001,Isle of Anglesey,-9,-32,-25,5,-22,-50,-58,-77,-58,-71,-88,-56,-21,-7,-4,15,23,2,20,5
Wales,W06000002,Gwynedd,-18,-27,-47,-90,-73,-95,-104,-131,-175,-147,-164,-112,-102,-113,-101,-93,-69,-50,-42,-64
Wales,W06000003,Conwy,9,-7,-5,-26,-58,-13,-60,-84,-92,-72,-92,-79,-13,-60,-17,53,69,48,52,56
Wales,W06000004,Denbighshire,6,-8,-6,-25,-54,-15,-55,-75,-81,-64,-81,-71,-15,-54,-19,39,53,36,39,42
Wales,W06000005,Flintshire,-199,-242,-261,-257,-266,-216,-327,-350,-375,-383,-391,-362,-291,-303,-267,-189,-200,-212,-184,-227
Wales,W06000006,Wrexham,-171,-207,-224,-220,-229,-187,-283,-302,-325,-334,-342,-318,-257,-269,-238,-169,-179,-188,-163,-201
Wales,W06000023,Powys,-112,-112,-124,-89,-82,-25,-82,-125,-135,-139,-203,-136,-61,-86,-8,45,42,78,132,94
Wales,W06000008,Ceredigion,-15,-18,-27,-34,-20,1,-28,-43,-53,-56,-95,-84,-25,-52,-45,1,4,-16,14,-10
Wales,W06000009,Pembrokeshire,-20,-23,-35,-45,-23,9,-34,-57,-73,-77,-140,-124,-32,-73,-62,14,19,-16,34,-7
Wales,W06000010,Carmarthenshire,-31,-36,-55,-70,-39,10,-56,-91,-115,-123,-217,-192,-52,-115,-98,15,22,-29,44,-18
Wales,W06000011,Swansea,-73,-134,-95,-136,-156,-48,-183,-227,-216,-230,-254,-157,-29,-103,-77,26,-31,-63,-28,-120
Wales,W06000012,Neath Port Talbot,-89,-119,-105,-93,-101,-58,-110,-142,-164,-164,-176,-173,-66,-45,-46,-35,-39,-38,-44,-81
Wales,W06000013,Bridgend,-86,-116,-103,-91,-99,-58,-108,-139,-160,-161,-174,-171,-67,-45,-47,-36,-40,-39,-45,-83
Wales,W06000014,Vale of Glamorgan,-137,-165,-171,-166,-174,-145,-232,-278,-297,-286,-328,-320,-259,-298,-259,-173,-173,-208,-187,-220
Wales,W06000015,Cardiff,-371,-444,-471,-457,-479,-408,-636,-765,-825,-801,-923,-914,-759,-874,-781,-543,-543,-645,-598,-697
Wales,W06000016,Rhondda Cynon Taf,-137,-189,-156,-139,-167,-86,-178,-206,-260,-281,-327,-260,-117,-184,-132,7,-116,-189,-177,-240
Wales,W06000024,Merthyr Tydfil,-32,-45,-37,-33,-40,-20,-42,-48,-62,-67,-79,-64,-29,-47,-34,1,-30,-48,-45,-61
Wales,W06000018,Caerphilly,-103,-136,-152,-116,-108,-100,-140,-141,-180,-211,-232,-188,-73,-118,-109,-74,-125,-157,-132,-157
Wales,W06000019,Blaenau Gwent,-43,-56,-62,-46,-43,-39,-55,-55,-71,-84,-92,-74,-29,-47,-43,-29,-50,-61,-52,-62
Wales,W06000020,Torfaen,-55,-72,-80,-60,-56,-51,-71,-72,-92,-108,-118,-95,-36,-59,-54,-36,-63,-78,-66,-78
Wales,W06000021,Monmouthshire,-113,-130,-131,-151,-144,-127,-149,-173,-197,-215,-216,-186,-126,-145,-159,-111,-139,-129,-124,-165
Wales,W06000022,Newport,-177,-211,-211,-243,-233,-209,-243,-278,-317,-347,-352,-308,-211,-243,-269,-193,-240,-224,-217,-287
Scotland,S12000033,Aberdeen City,-525,-600,-560,-611,-657,-705,-730,-818,-923,-1025,-1113,-1168,-1066,-1170,-1215,-1219,-1344,-1485,-1430,-1369
Scotland,S12000034,Aberdeenshire,-530,-610,-574,-630,-680,-742,-782,-895,-1015,-1139,-1229,-1287,-1160,-1270,-1303,-1294,-1421,-1573,-1504,-1441
Scotland,S12000041,Angus,-161,-171,-166,-190,-177,-166,-160,-173,-208,-220,-264,-246,-183,-187,-128,-99,-91,-107,-128,-123
Scotland,S12000035,Argyll and Bute,-68,-64,-60,-78,-76,-97,-81,-89,-98,-107,-137,-137,-50,-15,5,29,5,23,16,10
Scotland,S12000036,City of Edinburgh,-822,-996,-1032,-1218,-1308,-1360,-1456,-1594,-1878,-1974,-2124,-1968,-1725,-1757,-1776,-1710,-1889,-1968,-1977,-2233
Scotland,S12000005,Clackmannanshire,-61,-75,-74,-79,-88,-87,-96,-118,-123,-124,-140,-139,-99,-101,-97,-54,-54,-74,-66,-77
Scotland,S12000006,Dumfries and Galloway,-54,-73,-46,-95,-112,-121,-171,-198,-244,-275,-275,-182,-104,-124,-68,-14,7,-60,32,-31
Scotland,S12000042,Dundee City,-224,-236,-227,-259,-244,-227,-220,-234,-279,-293,-349,-328,-249,-255,-184,-148,-139,-160,-188,-183
Scotland,S12000008,East Ayrshire,-131,-142,-142,-177,-167,-169,-165,-212,-248,-255,-272,-217,-154,-155,-161,-71,-82,-169,-63,-68
Scotland,S12000045,East Dunbartonshire,-167,-194,-182,-206,-197,-224,-228,-239,-266,-284,-276,-255,-152,-159,-166,-90,-86,-115,-128,-180
Scotland,S12000010,East Lothian,-126,-142,-133,-145,-183,-213,-203,-283,-285,-307,-348,-347,-278,-309,-330,-276,-302,-320,-300,-306
Scotland,S12000011,East Renfrewshire,-137,-155,-163,-182,-197,-207,-219,-197,-214,-232,-275,-267,-204,-221,-202,-132,-168,-195,-161,-188
Scotland,S12000014,Falkirk,-193,-228,-231,-291,-254,-237,-269,-315,-384,-450,-489,-456,-288,-414,-381,-358,-355,-352,-305,-370
Scotland,S12000015,Fife,-431,-533,-528,-571,-636,-631,-697,-848,-882,-881,-982,-964,-681,-702,-673,-375,-375,-523,-467,-546
Scotland,S12000046,Glasgow City,-122,-243,-299,-470,-512,-620,-658,-745,-928,-1082,-1266,-1179,-942,-1077,-971,-861,-951,-1136,-1208,-1406
Scotland,S12000017,Highland,-229,-293,-263,-321,-315,-340,-327,-363,-413,-526,-567,-485,-369,-400,-335,-243,-295,-397,-277,-255
Scotland,S12000018,Inverclyde,-135,-151,-158,-174,-189,-196,-208,-186,-202,-219,-258,-251,-193,-207,-188,-124,-154,-176,-146,-167
Scotland,S12000019,Midlothian,-118,-133,-125,-135,-169,-194,-183,-253,-252,-268,-298,-295,-235,-259,-278,-232,-253,-272,-256,-263
Scotland,S12000020,Moray,-115,-137,-132,-172,-170,-169,-181,-184,-227,-269,-294,-228,-196,-204,-182,-153,-148,-211,-230,-209
Scotland,S12000013,Na h-Eileanan Siar,-42,-42,-42,-26,-42,-33,-44,-48,-73,-67,-75,-59,-44,-40,-27,-34,-61,-49,-22,-10
Scotland,S12000021,North Ayrshire,-145,-156,-156,-195,-182,-185,-179,-230,-269,-275,-296,-237,-162,-158,-162,-66,-79,-169,-56,-61
Scotland,S12000044,North Lanarkshire,-324,-418,-401,-451,-517,-522,-605,-728,-881,-912,-1005,-948,-769,-791,-734,-661,-721,-746,-765,-898
Scotland,S12000023,Orkney Islands,-12,-16,-25,-33,-25,-42,-54,-43,-48,-47,-106,-111,-73,-49,-72,-65,-59,-18,-37,-65
Scotland,S12000024,Perth and Kinross,-184,-208,-189,-207,-198,-242,-276,-336,-348,-346,-409,-385,-337,-342,-307,-188,-223,-352,-285,-316
Scotland,S12000038,Renfrewshire,-282,-316,-330,-365,-394,-409,-434,-391,-424,-459,-545,-534,-413,-446,-409,-272,-339,-389,-328,-381
Scotland,S12000026,Scottish Borders ,-164,-179,-188,-189,-171,-187,-225,-260,-226,-254,-290,-270,-196,-159,-146,-121,-138,-137,-89,-81
Scotland,S12000027,Shetland Islands,-54,-61,-65,-64,-70,-65,-68,-88,-88,-91,-55,-39,-58,-105,-76,-75,-93,-117,-92,-93
Scotland,S12000028,South Ayrshire,-119,-137,-127,-165,-158,-151,-161,-211,-219,-224,-234,-225,-104,-45,-70,-61,-53,-81,-74,-87
Scotland,S12000029,South Lanarkshire,-465,-634,-653,-652,-676,-602,-681,-746,-756,-819,-970,-910,-720,-784,-775,-753,-762,-805,-678,-729
Scotland,S12000030,Stirling,-120,-137,-125,-139,-134,-162,-184,-221,-230,-229,-267,-247,-216,-219,-200,-126,-149,-230,-192,-213
Scotland,S12000039,West Dunbartonshire,-142,-166,-157,-177,-171,-197,-202,-212,-236,-254,-249,-232,-142,-148,-154,-87,-83,-108,-120,-163
Scotland,S12000040,West Lothian,-316,-349,-387,-427,-444,-471,-494,-561,-598,-644,-714,-698,-525,-588,-564,-470,-524,-551,-482,-502
Northern Ireland,N09000001,Antrim and Newtownabbey,-209,-219,-246,-274,-283,-310,-316,-334,-332,-345,-378,-347,-278,-298,-290,-271,-244,-217,-204,-243
Northern Ireland,N09000011,Ards and North Down,-234,-245,-277,-306,-322,-347,-352,-373,-370,-387,-425,-388,-316,-316,-305,-239,-198,-212,-170,-181
Northern Ireland,N09000002,"Armagh City, Banbridge and Craigavon",-205,-232,-261,-286,-321,-331,-333,-364,-366,-410,-448,-412,-309,-400,-354,-233,-234,-307,-372,-438
Northern Ireland,N09000003,Belfast,-327,-364,-430,-479,-524,-512,-455,-485,-491,-565,-587,-618,-394,-531,-437,-376,-433,-374,-293,-372
Northern Ireland,N09000004,Causeway Coast and Glens,-110,-136,-147,-140,-132,-153,-122,-134,-168,-182,-217,-151,-102,-149,-128,-77,-49,-76,-18,0
Northern Ireland,N09000005,Derry City and Strabane,-96,-121,-129,-117,-108,-129,-94,-105,-138,-154,-187,-113,-47,-65,-49,12,1,33,21,3
Northern Ireland,N09000006,Fermanagh and Omagh,-62,-79,-92,-120,-131,-146,-143,-157,-162,-191,-200,-161,-124,-152,-139,-112,-103,-105,-108,-122
Northern Ireland,N09000007,Lisburn and Castlereagh,-217,-220,-246,-284,-296,-325,-332,-346,-344,-350,-382,-348,-284,-321,-343,-289,-267,-308,-327,-399
Northern Ireland,N09000008,Mid and East Antrim,-195,-209,-233,-251,-269,-282,-285,-305,-304,-322,-354,-327,-263,-258,-266,-225,-201,-200,-179,-208
Northern Ireland,N09000009,Mid Ulster,-69,-90,-106,-139,-151,-169,-167,-183,-189,-227,-244,-202,-181,-210,-204,-128,-148,-181,-156,-182
Northern Ireland,N09000010,"Newry, Mourne and Down",-140,-163,-188,-215,-240,-253,-253,-279,-282,-322,-351,-309,-229,-246,-254,-189,-198,-194,-175,-245
,,,,,,,,,,,,,,,,,,,,,,
1 Totals may not sum due to rounding.,,,,,,,,,,,,,,,,,,,,,,